{
    "avg_prec": {
        "train": 0.9999223723024375,
        "test": 1.0
    },
    "roc_auc": {
        "train": 0.9999519045786841,
        "test": 1.0
    }
}