{
    "avg_prec": {
        "train": 1.0,
        "test": 1.0000000000000002
    },
    "roc_auc": {
        "train": 0.9999999999999999,
        "test": 1.0
    }
}